{
  "greet": {
    "precision": 0.6666666666666666,
    "recall": 0.9090909090909091,
    "f1-score": 0.7692307692307692,
    "support": 11,
    "confused_with": {
      "affirm": 1
    }
  },
  "stop": {
    "precision": 0.5,
    "recall": 0.6153846153846154,
    "f1-score": 0.5517241379310345,
    "support": 13,
    "confused_with": {
      "deny": 2,
      "request_search": 1
    }
  },
  "deny": {
    "precision": 0.4,
    "recall": 0.2857142857142857,
    "f1-score": 0.3333333333333333,
    "support": 7,
    "confused_with": {
      "thanks": 1,
      "stop": 1
    }
  },
  "affirm": {
    "precision": 0.375,
    "recall": 0.3333333333333333,
    "f1-score": 0.35294117647058826,
    "support": 9,
    "confused_with": {
      "stop": 2,
      "thanks": 1
    }
  },
  "inform_item": {
    "precision": 0.0,
    "recall": 0.0,
    "f1-score": 0.0,
    "support": 4,
    "confused_with": {
      "request_search": 4
    }
  },
  "goodbye": {
    "precision": 0.75,
    "recall": 0.6,
    "f1-score": 0.6666666666666665,
    "support": 5,
    "confused_with": {
      "greet": 1,
      "affirm": 1
    }
  },
  "inform_time": {
    "precision": 0.3333333333333333,
    "recall": 0.2,
    "f1-score": 0.25,
    "support": 5,
    "confused_with": {
      "affirm": 2,
      "stop": 1,
      "request_search": 1
    }
  },
  "bot_challenge": {
    "precision": 0.5,
    "recall": 0.2857142857142857,
    "f1-score": 0.36363636363636365,
    "support": 7,
    "confused_with": {
      "chitchat": 3,
      "stop": 2
    }
  },
  "thanks": {
    "precision": 0.75,
    "recall": 0.75,
    "f1-score": 0.75,
    "support": 8,
    "confused_with": {
      "stop": 1,
      "greet": 1
    }
  },
  "chitchat": {
    "precision": 0.75,
    "recall": 0.6923076923076923,
    "f1-score": 0.7199999999999999,
    "support": 13,
    "confused_with": {
      "stop": 1,
      "greet": 1
    }
  },
  "request_search": {
    "precision": 0.7307692307692307,
    "recall": 1.0,
    "f1-score": 0.8444444444444443,
    "support": 19,
    "confused_with": {}
  },
  "accuracy": 0.6237623762376238,
  "macro avg": {
    "precision": 0.5232517482517482,
    "recall": 0.5155950110495565,
    "f1-score": 0.5092706265193818,
    "support": 101
  },
  "weighted avg": {
    "precision": 0.5797981721249048,
    "recall": 0.6237623762376238,
    "f1-score": 0.5908612722717115,
    "support": 101
  }
}