{
  "chitchat/ask_weather": {
    "precision": 0.8,
    "recall": 1.0,
    "f1-score": 0.888888888888889,
    "support": 4,
    "confused_with": {}
  },
  "chitchat/ask_joke": {
    "precision": 1.0,
    "recall": 0.5,
    "f1-score": 0.6666666666666666,
    "support": 4,
    "confused_with": {
      "chitchat/ask_weather": 1,
      "chitchat/ask_name": 1
    }
  },
  "chitchat/ask_name": {
    "precision": 0.8333333333333334,
    "recall": 1.0,
    "f1-score": 0.9090909090909091,
    "support": 5,
    "confused_with": {}
  },
  "accuracy": 0.8461538461538461,
  "macro avg": {
    "precision": 0.8777777777777778,
    "recall": 0.8333333333333334,
    "f1-score": 0.8215488215488215,
    "support": 13
  },
  "weighted avg": {
    "precision": 0.8743589743589744,
    "recall": 0.8461538461538461,
    "f1-score": 0.8282828282828283,
    "support": 13
  }
}