{
  "item": {
    "precision": 0.8461538461538461,
    "recall": 0.8461538461538461,
    "f1-score": 0.8461538461538461,
    "support": 26,
    "confused_with": {}
  },
  "time": {
    "precision": 0.625,
    "recall": 0.4166666666666667,
    "f1-score": 0.5,
    "support": 12,
    "confused_with": {}
  },
  "micro avg": {
    "precision": 0.7941176470588235,
    "recall": 0.7105263157894737,
    "f1-score": 0.7499999999999999,
    "support": 38
  },
  "macro avg": {
    "precision": 0.7355769230769231,
    "recall": 0.6314102564102564,
    "f1-score": 0.6730769230769231,
    "support": 38
  },
  "weighted avg": {
    "precision": 0.7763157894736842,
    "recall": 0.7105263157894737,
    "f1-score": 0.7368421052631579,
    "support": 38
  }
}