{
  "chitchat/ask_name": {
    "precision": 0.7142857142857143,
    "recall": 1.0,
    "f1-score": 0.8333333333333333,
    "support": 5,
    "confused_with": {}
  },
  "chitchat/ask_weather": {
    "precision": 1.0,
    "recall": 0.75,
    "f1-score": 0.8571428571428571,
    "support": 4,
    "confused_with": {
      "chitchat/ask_joke": 1
    }
  },
  "chitchat/ask_joke": {
    "precision": 0.6666666666666666,
    "recall": 0.5,
    "f1-score": 0.5714285714285715,
    "support": 4,
    "confused_with": {
      "chitchat/ask_name": 2
    }
  },
  "accuracy": 0.7692307692307693,
  "macro avg": {
    "precision": 0.7936507936507936,
    "recall": 0.75,
    "f1-score": 0.753968253968254,
    "support": 13
  },
  "weighted avg": {
    "precision": 0.7875457875457875,
    "recall": 0.7692307692307693,
    "f1-score": 0.7600732600732601,
    "support": 13
  }
}