{
  "time": {
    "precision": 1.0,
    "recall": 0.4166666666666667,
    "f1-score": 0.5882352941176471,
    "support": 12,
    "confused_with": {}
  },
  "item": {
    "precision": 0.8095238095238095,
    "recall": 0.6538461538461539,
    "f1-score": 0.7234042553191489,
    "support": 26,
    "confused_with": {}
  },
  "micro avg": {
    "precision": 0.8461538461538461,
    "recall": 0.5789473684210527,
    "f1-score": 0.6875,
    "support": 38
  },
  "macro avg": {
    "precision": 0.9047619047619048,
    "recall": 0.5352564102564102,
    "f1-score": 0.655819774718398,
    "support": 38
  },
  "weighted avg": {
    "precision": 0.8696741854636593,
    "recall": 0.5789473684210527,
    "f1-score": 0.6807193202028852,
    "support": 38
  }
}