{
  "time": {
    "precision": 0.9090909090909091,
    "recall": 0.8333333333333334,
    "f1-score": 0.8695652173913043,
    "support": 12,
    "confused_with": {}
  },
  "item": {
    "precision": 0.8275862068965517,
    "recall": 0.9230769230769231,
    "f1-score": 0.8727272727272727,
    "support": 26,
    "confused_with": {}
  },
  "micro avg": {
    "precision": 0.85,
    "recall": 0.8947368421052632,
    "f1-score": 0.8717948717948718,
    "support": 38
  },
  "macro avg": {
    "precision": 0.8683385579937304,
    "recall": 0.8782051282051282,
    "f1-score": 0.8711462450592885,
    "support": 38
  },
  "weighted avg": {
    "precision": 0.8533245339052962,
    "recall": 0.8947368421052632,
    "f1-score": 0.871728728936967,
    "support": 38
  }
}