{
  "chitchat/ask_joke": {
    "precision": 1.0,
    "recall": 0.5,
    "f1-score": 0.6666666666666666,
    "support": 4,
    "confused_with": {
      "chitchat/ask_weather": 1,
      "chitchat/ask_name": 1
    }
  },
  "chitchat/ask_weather": {
    "precision": 0.75,
    "recall": 0.75,
    "f1-score": 0.75,
    "support": 4,
    "confused_with": {
      "chitchat/ask_name": 1
    }
  },
  "chitchat/ask_name": {
    "precision": 0.7142857142857143,
    "recall": 1.0,
    "f1-score": 0.8333333333333333,
    "support": 5,
    "confused_with": {}
  },
  "accuracy": 0.7692307692307693,
  "macro avg": {
    "precision": 0.8214285714285715,
    "recall": 0.75,
    "f1-score": 0.75,
    "support": 13
  },
  "weighted avg": {
    "precision": 0.8131868131868132,
    "recall": 0.7692307692307693,
    "f1-score": 0.7564102564102563,
    "support": 13
  }
}