{
  "request_search": {
    "precision": 0.6923076923076923,
    "recall": 0.9473684210526315,
    "f1-score": 0.7999999999999999,
    "support": 19,
    "confused_with": {
      "stop": 1
    }
  },
  "thanks": {
    "precision": 0.6666666666666666,
    "recall": 0.5,
    "f1-score": 0.5714285714285715,
    "support": 8,
    "confused_with": {
      "goodbye": 2,
      "greet": 1
    }
  },
  "chitchat": {
    "precision": 0.5333333333333333,
    "recall": 0.6153846153846154,
    "f1-score": 0.5714285714285715,
    "support": 13,
    "confused_with": {
      "bot_challenge": 3,
      "stop": 2
    }
  },
  "inform_time": {
    "precision": 0.0,
    "recall": 0.0,
    "f1-score": 0.0,
    "support": 5,
    "confused_with": {
      "request_search": 2,
      "affirm": 2,
      "greet": 1
    }
  },
  "stop": {
    "precision": 0.5,
    "recall": 0.38461538461538464,
    "f1-score": 0.4347826086956522,
    "support": 13,
    "confused_with": {
      "greet": 2,
      "chitchat": 2
    }
  },
  "affirm": {
    "precision": 0.36363636363636365,
    "recall": 0.4444444444444444,
    "f1-score": 0.39999999999999997,
    "support": 9,
    "confused_with": {
      "deny": 2,
      "thanks": 1
    }
  },
  "bot_challenge": {
    "precision": 0.2857142857142857,
    "recall": 0.2857142857142857,
    "f1-score": 0.2857142857142857,
    "support": 7,
    "confused_with": {
      "chitchat": 5
    }
  },
  "deny": {
    "precision": 0.3333333333333333,
    "recall": 0.14285714285714285,
    "f1-score": 0.2,
    "support": 7,
    "confused_with": {
      "affirm": 3,
      "thanks": 1,
      "stop": 1
    }
  },
  "inform_item": {
    "precision": 0.0,
    "recall": 0.0,
    "f1-score": 0.0,
    "support": 4,
    "confused_with": {
      "request_search": 4
    }
  },
  "goodbye": {
    "precision": 0.375,
    "recall": 0.6,
    "f1-score": 0.4615384615384615,
    "support": 5,
    "confused_with": {
      "greet": 2
    }
  },
  "greet": {
    "precision": 0.6,
    "recall": 0.8181818181818182,
    "f1-score": 0.6923076923076923,
    "support": 11,
    "confused_with": {
      "goodbye": 2
    }
  },
  "accuracy": 0.5346534653465347,
  "macro avg": {
    "precision": 0.3954537886356068,
    "recall": 0.43077873747730205,
    "f1-score": 0.4015636537375668,
    "support": 101
  },
  "weighted avg": {
    "precision": 0.4752631032334002,
    "recall": 0.5346534653465347,
    "f1-score": 0.4928242657041624,
    "support": 101
  }
}