{
  "chitchat/ask_name": {
    "precision": 0.8,
    "recall": 0.8,
    "f1-score": 0.8000000000000002,
    "support": 5,
    "confused_with": {
      "chitchat/ask_joke": 1
    }
  },
  "chitchat/ask_joke": {
    "precision": 0.5,
    "recall": 0.75,
    "f1-score": 0.6,
    "support": 4,
    "confused_with": {
      "chitchat/ask_name": 1
    }
  },
  "chitchat/ask_weather": {
    "precision": 1.0,
    "recall": 0.5,
    "f1-score": 0.6666666666666666,
    "support": 4,
    "confused_with": {
      "chitchat/ask_joke": 2
    }
  },
  "accuracy": 0.6923076923076923,
  "macro avg": {
    "precision": 0.7666666666666666,
    "recall": 0.6833333333333332,
    "f1-score": 0.688888888888889,
    "support": 13
  },
  "weighted avg": {
    "precision": 0.7692307692307693,
    "recall": 0.6923076923076923,
    "f1-score": 0.6974358974358974,
    "support": 13
  }
}