{
  "greet": {
    "precision": 0.6,
    "recall": 0.8181818181818182,
    "f1-score": 0.6923076923076923,
    "support": 11,
    "confused_with": {
      "stop": 2
    }
  },
  "stop": {
    "precision": 0.46153846153846156,
    "recall": 0.46153846153846156,
    "f1-score": 0.46153846153846156,
    "support": 13,
    "confused_with": {
      "chitchat": 3,
      "affirm": 2
    }
  },
  "deny": {
    "precision": 1.0,
    "recall": 0.42857142857142855,
    "f1-score": 0.6,
    "support": 7,
    "confused_with": {
      "stop": 2,
      "thanks": 1
    }
  },
  "inform_time": {
    "precision": 0.0,
    "recall": 0.0,
    "f1-score": 0.0,
    "support": 5,
    "confused_with": {
      "request_search": 2,
      "affirm": 2,
      "greet": 1
    }
  },
  "bot_challenge": {
    "precision": 0.6666666666666666,
    "recall": 0.2857142857142857,
    "f1-score": 0.4,
    "support": 7,
    "confused_with": {
      "chitchat": 4,
      "greet": 1
    }
  },
  "chitchat": {
    "precision": 0.5882352941176471,
    "recall": 0.7692307692307693,
    "f1-score": 0.6666666666666667,
    "support": 13,
    "confused_with": {
      "stop": 1,
      "greet": 1
    }
  },
  "affirm": {
    "precision": 0.5,
    "recall": 0.8888888888888888,
    "f1-score": 0.64,
    "support": 9,
    "confused_with": {
      "stop": 1
    }
  },
  "thanks": {
    "precision": 0.875,
    "recall": 0.875,
    "f1-score": 0.875,
    "support": 8,
    "confused_with": {
      "affirm": 1
    }
  },
  "inform_item": {
    "precision": 0.0,
    "recall": 0.0,
    "f1-score": 0.0,
    "support": 4,
    "confused_with": {
      "request_search": 4
    }
  },
  "goodbye": {
    "precision": 0.0,
    "recall": 0.0,
    "f1-score": 0.0,
    "support": 5,
    "confused_with": {
      "greet": 2,
      "affirm": 2,
      "stop": 1
    }
  },
  "request_search": {
    "precision": 0.7307692307692307,
    "recall": 1.0,
    "f1-score": 0.8444444444444443,
    "support": 19,
    "confused_with": {}
  },
  "accuracy": 0.6336633663366337,
  "macro avg": {
    "precision": 0.49292815028109144,
    "recall": 0.5024659683750593,
    "f1-score": 0.4709052059052059,
    "support": 101
  },
  "weighted avg": {
    "precision": 0.5673103056912026,
    "recall": 0.6336633663366337,
    "f1-score": 0.5751138190742151,
    "support": 101
  }
}