{
  "chitchat/ask_weather": {
    "precision": 0.8,
    "recall": 1.0,
    "f1-score": 0.888888888888889,
    "support": 4,
    "confused_with": {}
  },
  "chitchat/ask_joke": {
    "precision": 1.0,
    "recall": 0.25,
    "f1-score": 0.4,
    "support": 4,
    "confused_with": {
      "chitchat/ask_name": 2,
      "chitchat/ask_weather": 1
    }
  },
  "chitchat/ask_name": {
    "precision": 0.7142857142857143,
    "recall": 1.0,
    "f1-score": 0.8333333333333333,
    "support": 5,
    "confused_with": {}
  },
  "accuracy": 0.7692307692307693,
  "macro avg": {
    "precision": 0.8380952380952381,
    "recall": 0.75,
    "f1-score": 0.7074074074074074,
    "support": 13
  },
  "weighted avg": {
    "precision": 0.8285714285714286,
    "recall": 0.7692307692307693,
    "f1-score": 0.7170940170940171,
    "support": 13
  }
}