{
  "time": {
    "precision": 1.0,
    "recall": 0.4166666666666667,
    "f1-score": 0.5882352941176471,
    "support": 12,
    "confused_with": {}
  },
  "item": {
    "precision": 0.8,
    "recall": 0.6153846153846154,
    "f1-score": 0.6956521739130435,
    "support": 26,
    "confused_with": {}
  },
  "micro avg": {
    "precision": 0.84,
    "recall": 0.5526315789473685,
    "f1-score": 0.6666666666666667,
    "support": 38
  },
  "macro avg": {
    "precision": 0.9,
    "recall": 0.5160256410256411,
    "f1-score": 0.6419437340153453,
    "support": 38
  },
  "weighted avg": {
    "precision": 0.863157894736842,
    "recall": 0.5526315789473685,
    "f1-score": 0.6617310539776551,
    "support": 38
  }
}