{
  "goodbye": {
    "precision": 0.75,
    "recall": 0.6,
    "f1-score": 0.6666666666666665,
    "support": 5,
    "confused_with": {
      "affirm": 2
    }
  },
  "thanks": {
    "precision": 0.6666666666666666,
    "recall": 0.5,
    "f1-score": 0.5714285714285715,
    "support": 8,
    "confused_with": {
      "stop": 2,
      "goodbye": 1
    }
  },
  "chitchat": {
    "precision": 0.7142857142857143,
    "recall": 0.7692307692307693,
    "f1-score": 0.7407407407407408,
    "support": 13,
    "confused_with": {
      "stop": 2,
      "bot_challenge": 1
    }
  },
  "affirm": {
    "precision": 0.3684210526315789,
    "recall": 0.7777777777777778,
    "f1-score": 0.5,
    "support": 9,
    "confused_with": {
      "stop": 1,
      "inform_time": 1
    }
  },
  "stop": {
    "precision": 0.5,
    "recall": 0.46153846153846156,
    "f1-score": 0.48000000000000004,
    "support": 13,
    "confused_with": {
      "chitchat": 3,
      "affirm": 2
    }
  },
  "greet": {
    "precision": 0.8,
    "recall": 0.7272727272727273,
    "f1-score": 0.761904761904762,
    "support": 11,
    "confused_with": {
      "affirm": 3
    }
  },
  "deny": {
    "precision": 0.0,
    "recall": 0.0,
    "f1-score": 0.0,
    "support": 7,
    "confused_with": {
      "greet": 2,
      "affirm": 2,
      "thanks": 1
    }
  },
  "inform_time": {
    "precision": 0.75,
    "recall": 0.6,
    "f1-score": 0.6666666666666665,
    "support": 5,
    "confused_with": {
      "request_search": 1,
      "affirm": 1
    }
  },
  "bot_challenge": {
    "precision": 0.8333333333333334,
    "recall": 0.7142857142857143,
    "f1-score": 0.7692307692307692,
    "support": 7,
    "confused_with": {
      "request_search": 1,
      "chitchat": 1
    }
  },
  "inform_item": {
    "precision": 0.0,
    "recall": 0.0,
    "f1-score": 0.0,
    "support": 4,
    "confused_with": {
      "request_search": 3,
      "affirm": 1
    }
  },
  "request_search": {
    "precision": 0.75,
    "recall": 0.9473684210526315,
    "f1-score": 0.8372093023255814,
    "support": 19,
    "confused_with": {
      "inform_item": 1
    }
  },
  "accuracy": 0.6336633663366337,
  "macro avg": {
    "precision": 0.5575187969924811,
    "recall": 0.5543158064689165,
    "f1-score": 0.5448952253603416,
    "support": 101
  },
  "weighted avg": {
    "precision": 0.602160103228368,
    "recall": 0.6336633663366337,
    "f1-score": 0.606735340371076,
    "support": 101
  }
}