{
  "item": {
    "precision": 0.8666666666666667,
    "recall": 1.0,
    "f1-score": 0.9285714285714286,
    "support": 26,
    "confused_with": {}
  },
  "time": {
    "precision": 0.75,
    "recall": 0.6923076923076923,
    "f1-score": 0.7199999999999999,
    "support": 13,
    "confused_with": {}
  },
  "micro avg": {
    "precision": 0.8333333333333334,
    "recall": 0.8974358974358975,
    "f1-score": 0.8641975308641975,
    "support": 39
  },
  "macro avg": {
    "precision": 0.8083333333333333,
    "recall": 0.8461538461538461,
    "f1-score": 0.8242857142857143,
    "support": 39
  },
  "weighted avg": {
    "precision": 0.8277777777777777,
    "recall": 0.8974358974358975,
    "f1-score": 0.859047619047619,
    "support": 39
  }
}