{
  "deny": {
    "precision": 0.0,
    "recall": 0.0,
    "f1-score": 0.0,
    "support": 7,
    "confused_with": {
      "affirm": 4,
      "thanks": 2,
      "request_search": 1
    }
  },
  "thanks": {
    "precision": 0.5454545454545454,
    "recall": 0.75,
    "f1-score": 0.631578947368421,
    "support": 8,
    "confused_with": {
      "stop": 1,
      "deny": 1
    }
  },
  "bot_challenge": {
    "precision": 1.0,
    "recall": 0.5714285714285714,
    "f1-score": 0.7272727272727273,
    "support": 7,
    "confused_with": {
      "stop": 2,
      "chitchat": 1
    }
  },
  "stop": {
    "precision": 0.18181818181818182,
    "recall": 0.15384615384615385,
    "f1-score": 0.16666666666666669,
    "support": 13,
    "confused_with": {
      "affirm": 4,
      "request_search": 3
    }
  },
  "inform_time": {
    "precision": 0.75,
    "recall": 0.6,
    "f1-score": 0.6666666666666665,
    "support": 5,
    "confused_with": {
      "stop": 1,
      "affirm": 1
    }
  },
  "inform_item": {
    "precision": 0.0,
    "recall": 0.0,
    "f1-score": 0.0,
    "support": 4,
    "confused_with": {
      "request_search": 4
    }
  },
  "request_search": {
    "precision": 0.68,
    "recall": 0.8947368421052632,
    "f1-score": 0.7727272727272727,
    "support": 19,
    "confused_with": {
      "stop": 1,
      "inform_item": 1
    }
  },
  "chitchat": {
    "precision": 0.7272727272727273,
    "recall": 0.6153846153846154,
    "f1-score": 0.6666666666666667,
    "support": 13,
    "confused_with": {
      "stop": 3,
      "thanks": 1
    }
  },
  "affirm": {
    "precision": 0.26666666666666666,
    "recall": 0.4444444444444444,
    "f1-score": 0.33333333333333337,
    "support": 9,
    "confused_with": {
      "deny": 2,
      "thanks": 1
    }
  },
  "greet": {
    "precision": 0.9,
    "recall": 0.8181818181818182,
    "f1-score": 0.8571428571428572,
    "support": 11,
    "confused_with": {
      "deny": 1,
      "affirm": 1
    }
  },
  "goodbye": {
    "precision": 1.0,
    "recall": 0.6,
    "f1-score": 0.7499999999999999,
    "support": 5,
    "confused_with": {
      "deny": 2
    }
  },
  "accuracy": 0.5544554455445545,
  "macro avg": {
    "precision": 0.5501101928374657,
    "recall": 0.49527476776280605,
    "f1-score": 0.5065504670767829,
    "support": 101
  },
  "weighted avg": {
    "precision": 0.5658595859585959,
    "recall": 0.5544554455445545,
    "f1-score": 0.5462435341278489,
    "support": 101
  }
}