{
  "chitchat/ask_name": {
    "precision": 0.625,
    "recall": 1.0,
    "f1-score": 0.7692307692307693,
    "support": 5,
    "confused_with": {}
  },
  "chitchat/ask_joke": {
    "precision": 1.0,
    "recall": 0.5,
    "f1-score": 0.6666666666666666,
    "support": 4,
    "confused_with": {
      "chitchat/ask_name": 2
    }
  },
  "chitchat/ask_weather": {
    "precision": 1.0,
    "recall": 0.75,
    "f1-score": 0.8571428571428571,
    "support": 4,
    "confused_with": {
      "chitchat/ask_name": 1
    }
  },
  "accuracy": 0.7692307692307693,
  "macro avg": {
    "precision": 0.875,
    "recall": 0.75,
    "f1-score": 0.7643467643467643,
    "support": 13
  },
  "weighted avg": {
    "precision": 0.8557692307692307,
    "recall": 0.7692307692307693,
    "f1-score": 0.7647224570301494,
    "support": 13
  }
}