{
  "item": {
    "precision": 1.0,
    "recall": 0.86,
    "f1-score": 0.924731182795699,
    "support": 50,
    "confused_with": {
      "time": 2
    }
  },
  "time": {
    "precision": 0.7647058823529411,
    "recall": 0.65,
    "f1-score": 0.7027027027027027,
    "support": 20,
    "confused_with": {}
  },
  "micro avg": {
    "precision": 0.9333333333333333,
    "recall": 0.8,
    "f1-score": 0.8615384615384616,
    "support": 70
  },
  "macro avg": {
    "precision": 0.8823529411764706,
    "recall": 0.755,
    "f1-score": 0.8137169427492008,
    "support": 70
  },
  "weighted avg": {
    "precision": 0.9327731092436975,
    "recall": 0.8,
    "f1-score": 0.8612944741977001,
    "support": 70
  }
}